002325a0a67fded0381b5648d7fe9b8e,002325a0a67fded0381b5648d7fe9b8e
001dd76872d80801692ff942308c64e6,001dd76872d80801692ff942308c64e6
0149b7bd7218aab4e257d28469fddb0d,0149b7bd7218aab4e257d28469fddb0d
00dbb9e1c09dbdafb360f3163ba5a3de,00dbb9e1c09dbdafb360f3163ba5a3de
0496e3b17cf40c45f495188a368c203a,0496e3b17cf40c45f495188a368c203a
002325a0a67fded0381b5648d7fe9b8e,052ec04866e4a67f31845d656531830d
034374db2d35cf9da6558f54cec8a455,034374db2d35cf9da6558f54cec8a455
09531f851ef74a7238685fd287a395bd,09531f851ef74a7238685fd287a395bd
09d372e4259980ac95fdadf1846578d9,09d372e4259980ac95fdadf1846578d9
097b5abb53a3d84fa9eabda02fef9e91,097b5abb53a3d84fa9eabda02fef9e91
065e63afdfa539727f63af7530b22d2f,065e63afdfa539727f63af7530b22d2f
0b680e7bd5c0501d5dd73164122a7faf,0b680e7bd5c0501d5dd73164122a7faf
0ca6e2ad69826c8e3287fc8576112814,0ca6e2ad69826c8e3287fc8576112814
37eee514b04167f8e17e2caa3bfd3049,0b680e7bd5c0501d5dd73164122a7faf
0c5e9f564115bfcbee66377a829de55f,0c5e9f564115bfcbee66377a829de55f
01e0dc079d4e33d8edd050c4900818da,01e0dc079d4e33d8edd050c4900818da
605c1dc91a5c85024160ce78dfac842d,0b680e7bd5c0501d5dd73164122a7faf
0dd3677594632ce270bcf8af94819caf,0dd3677594632ce270bcf8af94819caf
0d0240672a314a7547d328f824642da8,0d0240672a314a7547d328f824642da8
02c65973b6018f5d473d701b3e7508b2,02c65973b6018f5d473d701b3e7508b2
9e860622fee66074dfe81dcfcc40c4e2,0d0240672a314a7547d328f824642da8
120c2e085992ff59a21ba401ec29fec9,120c2e085992ff59a21ba401ec29fec9
0cf9e999c574ec89595263446978dc9f,0cf9e999c574ec89595263446978dc9f
13f0b56c28995e4efc8da784ad862853,13f0b56c28995e4efc8da784ad862853
0c28ad34f90950bc784339ec9f50d288,0c28ad34f90950bc784339ec9f50d288
0908d8b3e459551039bade50930e4c1b,0908d8b3e459551039bade50930e4c1b
0149b7bd7218aab4e257d28469fddb0d,1415eb8519d13328091cc5c76a624e3d
15244d2321faa3a271ff0b1e5a23148f,15244d2321faa3a271ff0b1e5a23148f
1328eaceb140a3863951d18661b097af,1328eaceb140a3863951d18661b097af
165ef79e7caa806f13f82cc2bbf3dedd,165ef79e7caa806f13f82cc2bbf3dedd
fc1937c1aa536b3744ebdfb1716fd54d,1328eaceb140a3863951d18661b097af
0b506c6dde8d07f9eeb82fd01a6f97d4,0b506c6dde8d07f9eeb82fd01a6f97d4
17f5a2e0997b59449ca2120b20b5b7ce,17f5a2e0997b59449ca2120b20b5b7ce
4a54d7878d4170c3d4e3c3606365c42c,0b506c6dde8d07f9eeb82fd01a6f97d4
15901ddbccc5e9e0579fc5b42f754fe8,15901ddbccc5e9e0579fc5b42f754fe8
1ca3ca9ec20474d07fc798f2b41e2625,1ca3ca9ec20474d07fc798f2b41e2625
1c16bd1488163c03cd506c2f71486a0f,1c16bd1488163c03cd506c2f71486a0f
17199ddac616938f383a0339f416c890,17199ddac616938f383a0339f416c890
1a0c7e61bcc50d57b7bcf9d9af691de5,1a0c7e61bcc50d57b7bcf9d9af691de5
1e5ec6c06e4f6bb958dcbb9fc636009d,1e5ec6c06e4f6bb958dcbb9fc636009d
1ce4605e771a04e375e0d1083f183e8e,1ce4605e771a04e375e0d1083f183e8e
1f2eb7b090018d975e6d9b40868c94ca,1f2eb7b090018d975e6d9b40868c94ca
23059de2797774bbdd9b21f979aaec51,23059de2797774bbdd9b21f979aaec51
225e33508861984dd2a774760bfdfc52,225e33508861984dd2a774760bfdfc52
1f92ff8711716ca795fbd81c477e45f5,1f92ff8711716ca795fbd81c477e45f5
2479a9a50308cb72fcd5e4e18ef06468,2479a9a50308cb72fcd5e4e18ef06468
1ea61a0945bde3c6f41e12bc01928d37,1ea61a0945bde3c6f41e12bc01928d37
270d42f292105951ee81e4085ea45054,270d42f292105951ee81e4085ea45054
123505024f9e5ff74cb6aa67d7fcc392,123505024f9e5ff74cb6aa67d7fcc392
24259ae8b0018b0ce9992fb1d9b69e2a,24259ae8b0018b0ce9992fb1d9b69e2a
1e314c972075b8058099fd8759c11ce8,1e314c972075b8058099fd8759c11ce8
4f763b07a7b8a80f1f9408e590f79532,123505024f9e5ff74cb6aa67d7fcc392
2b659d71ae168e774faaf38db30f4a84,2b659d71ae168e774faaf38db30f4a84
2ba0d0083976a5c1e3315413cdcffcd2,2ba0d0083976a5c1e3315413cdcffcd2
277964807a66aeeb6bd81dbfcaa3e4e6,277964807a66aeeb6bd81dbfcaa3e4e6
a8f259bb36e00d124963cfa9b86f502e,2b659d71ae168e774faaf38db30f4a84
29c691978af80dc23c4df96b5f6076bb,29c691978af80dc23c4df96b5f6076bb
2c49f47c98203b110799ab622265f4ef,2c49f47c98203b110799ab622265f4ef
50f35b7c86aede891a72fcb85f06b0b7,277964807a66aeeb6bd81dbfcaa3e4e6
2ba0d0083976a5c1e3315413cdcffcd2,2dd892986b2249b5214639ecc8ac0223
12f25ce81596aeb19e75cc7ef08f3a38,12f25ce81596aeb19e75cc7ef08f3a38
001dd76872d80801692ff942308c64e6,2f930d92dc5ebc9d53ad2a2b451ebf65
30e78d186b27d2023a2a7319bb679c3f,30e78d186b27d2023a2a7319bb679c3f
2fccaa39533de02490b1c6395878dd79,2fccaa39533de02490b1c6395878dd79
33de5067a433a6ec5c328067dc18ec37,33de5067a433a6ec5c328067dc18ec37
3120fc8630c5252002f26f6e11b09eca,3120fc8630c5252002f26f6e11b09eca
830a748959bdd1ad3b6a1f72aab6f063,3120fc8630c5252002f26f6e11b09eca
268eef019bf65b2987e945afaf29643f,268eef019bf65b2987e945afaf29643f
1ce4605e771a04e375e0d1083f183e8e,36c0d3f109aede4d76b05431f8a64f9e
1c16bd1488163c03cd506c2f71486a0f,36d5c8fc4b14559f73b6136d85b94198
2daa4a4574ba06aa3203ae0e0b45b3b8,2daa4a4574ba06aa3203ae0e0b45b3b8
4e551abcd14506092a0f8d54a45f3569,2daa4a4574ba06aa3203ae0e0b45b3b8
36cd49ad631e99125a3bb2786e405cea,36cd49ad631e99125a3bb2786e405cea
7acb0d1df51706536f33bbdb990041d3,36cd49ad631e99125a3bb2786e405cea
390d1f2a620912104f53c034c8aef14b,390d1f2a620912104f53c034c8aef14b
37ddd3d72ead03c7518f5d47650c8572,37ddd3d72ead03c7518f5d47650c8572
0b680e7bd5c0501d5dd73164122a7faf,37eee514b04167f8e17e2caa3bfd3049
37eee514b04167f8e17e2caa3bfd3049,37eee514b04167f8e17e2caa3bfd3049
2bd02b41817d227058522cca40acd390,2bd02b41817d227058522cca40acd390
3c1b2fabb7d74bc5be0820eae4107f8a,3c1b2fabb7d74bc5be0820eae4107f8a
321d75c9990408db812e5a248a74f8c8,321d75c9990408db812e5a248a74f8c8
1f92ff8711716ca795fbd81c477e45f5,3e69945e5865ccc861f69b24bc1166b6
3e87051b1dc3463f378c7e1fe398dc7d,3e87051b1dc3463f378c7e1fe398dc7d
1f92ff8711716ca795fbd81c477e45f5,3e6ed3ee47bce9946e2541332cb34c69
3b1b190407b868406c5c155a79f3d146,3b1b190407b868406c5c155a79f3d146
31e5e58dbdfad05175613e795298ebb5,31e5e58dbdfad05175613e795298ebb5
41a5d40ecc735172b18b61e01a30a178,41a5d40ecc735172b18b61e01a30a178
438983192903f3fecf77500a39459ee6,438983192903f3fecf77500a39459ee6
3f8682ab074a097ebbaadbf26dfff560,3f8682ab074a097ebbaadbf26dfff560
435991e0c67f0c0b4504355b6d4493f0,435991e0c67f0c0b4504355b6d4493f0
43b844c35e1a933e9214588be81ce772,43b844c35e1a933e9214588be81ce772
4b19a2a6d40a5825e868c6ef25ae445e,3f8682ab074a097ebbaadbf26dfff560
4192479b055b2b21cb7e6c803b765d34,4192479b055b2b21cb7e6c803b765d34
44066f29aab6a9379f8dd30f6bec257d,44066f29aab6a9379f8dd30f6bec257d
56de2854ef64d869b5df7af5e4effe3e,3f8682ab074a097ebbaadbf26dfff560
47e7f92419eb4b98ff4124c3ca11b738,47e7f92419eb4b98ff4124c3ca11b738
435991e0c67f0c0b4504355b6d4493f0,471005f73280264c48f769e1c21fbcc1
476fea8761a03bef16e322996c2f6666,476fea8761a03bef16e322996c2f6666
3f8682ab074a097ebbaadbf26dfff560,4b19a2a6d40a5825e868c6ef25ae445e
2c49f47c98203b110799ab622265f4ef,4c858a80df0d6de5d69824c9502b65cf
1c16bd1488163c03cd506c2f71486a0f,4c9c9dbf388a8d81d8cfb4d3fc05f8e4
4b19a2a6d40a5825e868c6ef25ae445e,4b19a2a6d40a5825e868c6ef25ae445e
0b506c6dde8d07f9eeb82fd01a6f97d4,3107de21e480ab1f2d67725f419b28d0
4cabfaef26fd8e5aec01d0c4b90a32f3,4cabfaef26fd8e5aec01d0c4b90a32f3
56de2854ef64d869b5df7af5e4effe3e,4b19a2a6d40a5825e868c6ef25ae445e
4a54d7878d4170c3d4e3c3606365c42c,3107de21e480ab1f2d67725f419b28d0
0b506c6dde8d07f9eeb82fd01a6f97d4,4a54d7878d4170c3d4e3c3606365c42c
4c6bddcca2695d6202df38708e14fc7e,4c6bddcca2695d6202df38708e14fc7e
2daa4a4574ba06aa3203ae0e0b45b3b8,4e551abcd14506092a0f8d54a45f3569
4a54d7878d4170c3d4e3c3606365c42c,4a54d7878d4170c3d4e3c3606365c42c
ef8e0fb20e7228c7492ccdc59d87c690,4c6bddcca2695d6202df38708e14fc7e
4e551abcd14506092a0f8d54a45f3569,4e551abcd14506092a0f8d54a45f3569
51326bf40da5a5357a143dd9a6e6a11c,51326bf40da5a5357a143dd9a6e6a11c
50f35b7c86aede891a72fcb85f06b0b7,50f35b7c86aede891a72fcb85f06b0b7
523cf1c9741f5f9d11388a58de6a83a4,523cf1c9741f5f9d11388a58de6a83a4
0dd3677594632ce270bcf8af94819caf,523f56515221161579ee6090c962e5b1
123505024f9e5ff74cb6aa67d7fcc392,4f763b07a7b8a80f1f9408e590f79532
5100f0a34695c4c9dc7e915177041cad,5100f0a34695c4c9dc7e915177041cad
ab00b38179851c8aa3f9bc80ed7baa23,523cf1c9741f5f9d11388a58de6a83a4
468ff2c12cffc7e5b2fe0ee6bb3b239e,468ff2c12cffc7e5b2fe0ee6bb3b239e
4f763b07a7b8a80f1f9408e590f79532,4f763b07a7b8a80f1f9408e590f79532
3de1bd0f2107198931177b2b23877df4,3de1bd0f2107198931177b2b23877df4
54d5d171a482278cc8eacf08d9175fd7,54d5d171a482278cc8eacf08d9175fd7
3f8682ab074a097ebbaadbf26dfff560,56de2854ef64d869b5df7af5e4effe3e
001dd76872d80801692ff942308c64e6,55886d571c2a57984ea9659b57e1c63a
1ce4605e771a04e375e0d1083f183e8e,55fb1409170c91740359d1d96364f17b
4b19a2a6d40a5825e868c6ef25ae445e,56de2854ef64d869b5df7af5e4effe3e
575836ebb1b8849f04e994e9160370e4,575836ebb1b8849f04e994e9160370e4
1ea61a0945bde3c6f41e12bc01928d37,53b263dd41838aa178a5ced338a207f3
56de2854ef64d869b5df7af5e4effe3e,56de2854ef64d869b5df7af5e4effe3e
57f98d16ac439a11012860f88db21831,57f98d16ac439a11012860f88db21831
57e79f7df13c0cb01910d0c688fcd296,57e79f7df13c0cb01910d0c688fcd296
5bcaa2f4bc7567f6ffd5507a161e221a,5bcaa2f4bc7567f6ffd5507a161e221a
1f92ff8711716ca795fbd81c477e45f5,5aeaa53340a281074fcb539967438e3f
543e03cc5872e9ed870b2d64363f518b,543e03cc5872e9ed870b2d64363f518b
5e42780f52763c77d592044e535e4b01,5e42780f52763c77d592044e535e4b01
0b680e7bd5c0501d5dd73164122a7faf,605c1dc91a5c85024160ce78dfac842d
57326cd78a56d26e349bbd4bcc5b9fa2,57326cd78a56d26e349bbd4bcc5b9fa2
605c1dc91a5c85024160ce78dfac842d,605c1dc91a5c85024160ce78dfac842d
33de5067a433a6ec5c328067dc18ec37,65018cd542145a3792ba09985734c12a
1ea61a0945bde3c6f41e12bc01928d37,5ff3269faca4a67d1a4c537154aaad4b
2ba0d0083976a5c1e3315413cdcffcd2,650a6fca433ee243391e4b4c11f09438
2ba0d0083976a5c1e3315413cdcffcd2,6576c196385407b0f7f4b1b537d88983
5bd5a22d42c04db7ac1343a2a9f471fe,5bd5a22d42c04db7ac1343a2a9f471fe
1f92ff8711716ca795fbd81c477e45f5,6570163cd34454b3d1476c134d44b9d9
649d54bc9eef5a60a4b9d8b889fee139,649d54bc9eef5a60a4b9d8b889fee139
689dcd40d5eae8c0d315265f3d90ffae,689dcd40d5eae8c0d315265f3d90ffae
6b3d19cc86d82b06f5db3ae9d5ba8a5f,6b3d19cc86d82b06f5db3ae9d5ba8a5f
6bf8f1f99ac5bba0db1b66518df378a4,6bf8f1f99ac5bba0db1b66518df378a4
831a67dc75e2d4505180888747bc8ea9,6b3d19cc86d82b06f5db3ae9d5ba8a5f
6d2320af561b2315c1241e3efd86067f,6d2320af561b2315c1241e3efd86067f
2b659d71ae168e774faaf38db30f4a84,5c6f30cc369cd164d44941d381e282cc
5a728cb9ce56763dccb32b5298d0f050,5a728cb9ce56763dccb32b5298d0f050
5c6f30cc369cd164d44941d381e282cc,5c6f30cc369cd164d44941d381e282cc
6e442c5ef460bee4c9457c6bf7a132d6,6e442c5ef460bee4c9457c6bf7a132d6
a8f259bb36e00d124963cfa9b86f502e,5c6f30cc369cd164d44941d381e282cc
2ba0d0083976a5c1e3315413cdcffcd2,6faa4740f99408d4d2dddd0b09bbdefd
23059de2797774bbdd9b21f979aaec51,6fbf667e82c1477c4ce635b57b83bfa0
6e8f302794cfaae731840e345063e652,6e8f302794cfaae731840e345063e652
5e42780f52763c77d592044e535e4b01,7388d67561d0a7989202ad4d37eff24f
575836ebb1b8849f04e994e9160370e4,73d125f84503bd87f8142cf2ba8ab05e
6808ec6dbb23f0fa7637c108f44c5c80,6808ec6dbb23f0fa7637c108f44c5c80
769aeae232c6162cedcb6c7255640c4c,769aeae232c6162cedcb6c7255640c4c
3f8682ab074a097ebbaadbf26dfff560,75dad1ccabae8adeb5bae899d0c630f8
4b19a2a6d40a5825e868c6ef25ae445e,75dad1ccabae8adeb5bae899d0c630f8
56de2854ef64d869b5df7af5e4effe3e,75dad1ccabae8adeb5bae899d0c630f8
7704ad9e8e0e3d75075e4c294f698d53,7704ad9e8e0e3d75075e4c294f698d53
6ebd05a02459d3b22a9d4a79b8626bf1,6ebd05a02459d3b22a9d4a79b8626bf1
d2f1be7e10ed39aa8bc0f7f671d824d2,6ebd05a02459d3b22a9d4a79b8626bf1
2ba0d0083976a5c1e3315413cdcffcd2,785003a405bc7a4ebcbb21ddb757bf3f
6f9992c486195edcf0bf2f6ee6c3ec74,6f9992c486195edcf0bf2f6ee6c3ec74
6377ec0c87f4ec1e7897751dd85d73d4,6377ec0c87f4ec1e7897751dd85d73d4
1c16bd1488163c03cd506c2f71486a0f,7a670d13d4d014169c4080328b8feb86
7a7a46e8fbc25a624d58e897dee04ffa,7a7a46e8fbc25a624d58e897dee04ffa
77fbfed235d6062212a3e43211a5706e,77fbfed235d6062212a3e43211a5706e
7b42b35832855ab4ff37ae9b8fa9e571,7b42b35832855ab4ff37ae9b8fa9e571
36cd49ad631e99125a3bb2786e405cea,7acb0d1df51706536f33bbdb990041d3
7acb0d1df51706536f33bbdb990041d3,7acb0d1df51706536f33bbdb990041d3
4192479b055b2b21cb7e6c803b765d34,7d3140bd028f70f1fa865364b69c5999
7d3140bd028f70f1fa865364b69c5999,7d3140bd028f70f1fa865364b69c5999
7aecb34616245eb6b2906358151be55b,7aecb34616245eb6b2906358151be55b
fcdaa67e33357f64bc4ce7b57491fc53,7aecb34616245eb6b2906358151be55b
70a55fdc712c6e31e013e6b5d412b0d6,70a55fdc712c6e31e013e6b5d412b0d6
67504a0c2c2bf47efccdab5ca981ad7d,67504a0c2c2bf47efccdab5ca981ad7d
7712d05c8b499fc7a1f4a6a6b6dee825,7712d05c8b499fc7a1f4a6a6b6dee825
830a748959bdd1ad3b6a1f72aab6f063,830a748959bdd1ad3b6a1f72aab6f063
7f1a4bc267ace340a5aa7a0b79cbf349,7f1a4bc267ace340a5aa7a0b79cbf349
77fbfed235d6062212a3e43211a5706e,81b03cbcfc4b9d090cd8f5e5da816895
1f2eb7b090018d975e6d9b40868c94ca,8442ae37b91f279a9f06de4c60b286a3
6b3d19cc86d82b06f5db3ae9d5ba8a5f,831a67dc75e2d4505180888747bc8ea9
831a67dc75e2d4505180888747bc8ea9,831a67dc75e2d4505180888747bc8ea9
88dbcc682635b4013bcba5ad28bb976b,88dbcc682635b4013bcba5ad28bb976b
57e79f7df13c0cb01910d0c688fcd296,871cc547feb9dbec0285321068e392b8
7b42b35832855ab4ff37ae9b8fa9e571,88c7c50cd4130561d57a1d3b82c5b953
8a86df3d382bfd1e4c4165f4cacfdff8,8a86df3d382bfd1e4c4165f4cacfdff8
8462a62f13f92c34e4b89a7d13a185ad,8462a62f13f92c34e4b89a7d13a185ad
2ba0d0083976a5c1e3315413cdcffcd2,8b75bcbff174c25a0161f30758509a44
80856bd8ef7d5dbc3dc774f581855549,80856bd8ef7d5dbc3dc774f581855549
929802a27737cebc59d19da724fdf30a,929802a27737cebc59d19da724fdf30a
02c65973b6018f5d473d701b3e7508b2,933b11bc4799f8d9f65466fb2e3ea659
94a59ce0fadf84f6efa10fe7d5ee3a03,94a59ce0fadf84f6efa10fe7d5ee3a03
0b506c6dde8d07f9eeb82fd01a6f97d4,8934aeed5d213fe29e858eee616a6ec7
4a54d7878d4170c3d4e3c3606365c42c,8934aeed5d213fe29e858eee616a6ec7
5e42780f52763c77d592044e535e4b01,95d85aa629a786bb67439a064c4349ec
9675827a495f4ba6a4efd4dd70932b7c,9675827a495f4ba6a4efd4dd70932b7c
33de5067a433a6ec5c328067dc18ec37,99a39866a657a10949fcb6d634bb30d5
7b42b35832855ab4ff37ae9b8fa9e571,973f4a238d6d19bdc7b42977b07b9cef
1f2eb7b090018d975e6d9b40868c94ca,9ea3c16194ce354c244c1b74c46cd92e
9e860622fee66074dfe81dcfcc40c4e2,9e860622fee66074dfe81dcfcc40c4e2
9f11bc08af048c5c3a110e567082fe0b,9f11bc08af048c5c3a110e567082fe0b
44066f29aab6a9379f8dd30f6bec257d,9fc3ed6c9b8056fbf155f79569ca7cb1
a2534e9b7e4146368ea3245381830eb0,a2534e9b7e4146368ea3245381830eb0
a2cd1189860b9ba214421aab86ecbc8a,a2cd1189860b9ba214421aab86ecbc8a
468ff2c12cffc7e5b2fe0ee6bb3b239e,727a6800991eead454e53e8af164a99c
2ba0d0083976a5c1e3315413cdcffcd2,a316d5aeca269ca865077e7fff356e7d
8e8622c393d7e832d39e620ead5d3b49,8e8622c393d7e832d39e620ead5d3b49
5e42780f52763c77d592044e535e4b01,a241eec892637dec971bd925a40d3efb
a38a367d6696ba90b2e778a5a4bf98fd,a38a367d6696ba90b2e778a5a4bf98fd
a5b581c0600815b1112ca2fed578928b,a5b581c0600815b1112ca2fed578928b
2c49f47c98203b110799ab622265f4ef,a639f598d4c0b9aa7a4691d05f27d977
6bf8f1f99ac5bba0db1b66518df378a4,a8b2ac446c614fd5d4880d95369deb3b
2b659d71ae168e774faaf38db30f4a84,a8f259bb36e00d124963cfa9b86f502e
a8f259bb36e00d124963cfa9b86f502e,a8f259bb36e00d124963cfa9b86f502e
989b797c2a63fbfc8e1c6e8a8ccd6204,989b797c2a63fbfc8e1c6e8a8ccd6204
a99e06e2f90db4e506ef1347a8774dd5,a99e06e2f90db4e506ef1347a8774dd5
ab00b38179851c8aa3f9bc80ed7baa23,ab00b38179851c8aa3f9bc80ed7baa23
2b659d71ae168e774faaf38db30f4a84,aa4f1ecc4d25b33395196b5d51a06790
a8f259bb36e00d124963cfa9b86f502e,aa4f1ecc4d25b33395196b5d51a06790
1f92ff8711716ca795fbd81c477e45f5,ab208f0b517ba9850f1551c9555b5313
af2745e8888f2ba17a9cf2e0779d3874,af2745e8888f2ba17a9cf2e0779d3874
2c49f47c98203b110799ab622265f4ef,af2f7b070245c90bd2a0a0845314173a
1f2eb7b090018d975e6d9b40868c94ca,b07322743778b5868475dbe66eedac4f
6d2320af561b2315c1241e3efd86067f,b3bc979d8de3be09728c5de1a0297c4b
95f25d3afc5370f5d9fd8e65c17d3599,95f25d3afc5370f5d9fd8e65c17d3599
b5e9ce72771217680efaeecfafe3da3f,b5e9ce72771217680efaeecfafe3da3f
2c49f47c98203b110799ab622265f4ef,b8277cce81e0a372bc35d33a0c9483c2
b3848edbabfbce246a9faf5466e743bf,b3848edbabfbce246a9faf5466e743bf
7b42b35832855ab4ff37ae9b8fa9e571,b74022a7b9b63fdc541ae0848b28a962
30e78d186b27d2023a2a7319bb679c3f,b8f61242e28f2edf6cb1be8781438491
2c49f47c98203b110799ab622265f4ef,baabd9b76bff84ed27fd432cfc6df241
bac2e89bd92ce23e1e93a63d26dea01a,bac2e89bd92ce23e1e93a63d26dea01a
1ce4605e771a04e375e0d1083f183e8e,ba0c4d3dbf07d407211b5828405a9b91
a5b581c0600815b1112ca2fed578928b,bcb087f69792b69494a3edad51a842bb
bc723e4f93a3bf85f4d1e1910393d1a3,bc723e4f93a3bf85f4d1e1910393d1a3
95f25d3afc5370f5d9fd8e65c17d3599,a5d4ebc0285f0213e0c29d23bc410889
827040a5f5ae8de281a63899224b2f3a,827040a5f5ae8de281a63899224b2f3a
9f11bc08af048c5c3a110e567082fe0b,bdd2ad4c0e1e5667d117810ae9e36c4b
6d2320af561b2315c1241e3efd86067f,a565682d8a13a5719977223e0d9c7aa4
bf80dbf969b73790253f683cd723fd71,bf80dbf969b73790253f683cd723fd71
9e860622fee66074dfe81dcfcc40c4e2,bcbdef1678049378be04719ed29078d2
2ba0d0083976a5c1e3315413cdcffcd2,c0a33a1b472a8c16123fd696a5ce5ebb
c044715c2626ab515f6c85a21c47c7dd,c044715c2626ab515f6c85a21c47c7dd
98409dbf432419024dbf028c004344c1,98409dbf432419024dbf028c004344c1
bd8b082b7711bc980252f988bb0ca936,98409dbf432419024dbf028c004344c1
e1b6940985a23e5639450f8391820655,98409dbf432419024dbf028c004344c1
c39e272e9ea15d61e0c8e6b749a1ad46,c39e272e9ea15d61e0c8e6b749a1ad46
c3e5603a38e700274d1ab30ce93d08b9,c3e5603a38e700274d1ab30ce93d08b9
c1bd23ece59e36143d80f7eec0e38c52,c1bd23ece59e36143d80f7eec0e38c52
c0134285a276ab933e2a2b9b33b103cd,c0134285a276ab933e2a2b9b33b103cd
5e42780f52763c77d592044e535e4b01,c41e44045cebebfba234063de8fd7c4d
7b42b35832855ab4ff37ae9b8fa9e571,c4c638750526e28f68d6d71fd1266bdf
9f11bc08af048c5c3a110e567082fe0b,bf0ee4367ea32f8e3b911c304258e439
c110f08399c5dca64d7dc4539eb82083,c110f08399c5dca64d7dc4539eb82083
7b42b35832855ab4ff37ae9b8fa9e571,c9172b3e83c782bc930c06b628f31fa5
c04c796ef126ad7429be7d55720fe392,c04c796ef126ad7429be7d55720fe392
2ba0d0083976a5c1e3315413cdcffcd2,ca6fe7a1315af5afeac2961460a80569
cf038194f0fe222f31ec24cb80941bb1,cf038194f0fe222f31ec24cb80941bb1
1c16bd1488163c03cd506c2f71486a0f,cc3a9a7b026bfe0e55ff219fd6aa7d94
1c16bd1488163c03cd506c2f71486a0f,d16947b200afa74a917f055597b772c0
d0d5a20c5a6c4fddab4d43b85632b6a9,d0d5a20c5a6c4fddab4d43b85632b6a9
4192479b055b2b21cb7e6c803b765d34,d22863c5e6f098a4b52688b021beef0a
c6a4bb1a4e4f69ec71855d70d6960859,c6a4bb1a4e4f69ec71855d70d6960859
d271ae0f4e9230af3b61eafe7f671fde,d271ae0f4e9230af3b61eafe7f671fde
6ebd05a02459d3b22a9d4a79b8626bf1,d2f1be7e10ed39aa8bc0f7f671d824d2
c99fa835350aa9e2427ce69323b061a9,c99fa835350aa9e2427ce69323b061a9
d2f1be7e10ed39aa8bc0f7f671d824d2,d2f1be7e10ed39aa8bc0f7f671d824d2
d4c7f1f80883412f9796f1270accff50,d4c7f1f80883412f9796f1270accff50
ca327bc83fbe38b3689cd1a5505dfc33,ca327bc83fbe38b3689cd1a5505dfc33
d262cb8267beb0e218f6d11d6af9052e,d262cb8267beb0e218f6d11d6af9052e
c04c796ef126ad7429be7d55720fe392,cf9c2d5a8fbdd1c5adc20cfc5e663c21
d7aa32b7465f55c368230bb52d52d885,d7aa32b7465f55c368230bb52d52d885
6bf8f1f99ac5bba0db1b66518df378a4,d62cd4ad2a919b6acfa6d49d446dffdb
7aecb34616245eb6b2906358151be55b,d34e357461c55d90c52309c1ff952b4c
fcdaa67e33357f64bc4ce7b57491fc53,d34e357461c55d90c52309c1ff952b4c
6808ec6dbb23f0fa7637c108f44c5c80,c91eacab7655870764d13ba741aa9a73
2ba0d0083976a5c1e3315413cdcffcd2,d9fbf759f527af373e34673dc3aca462
da6b0ee7ec735029d1ff4fa863a71de8,da6b0ee7ec735029d1ff4fa863a71de8
d7796209412da17b2ee2ccf2309b4abf,d7796209412da17b2ee2ccf2309b4abf
44066f29aab6a9379f8dd30f6bec257d,db50416d9e67f4982e89e0ffb0ade6f3
da383cc098a5ea8fbb87643611e4bfb6,da383cc098a5ea8fbb87643611e4bfb6
1ea61a0945bde3c6f41e12bc01928d37,d8238e950608e5aba3d3e9e83e9ee2cc
d7796209412da17b2ee2ccf2309b4abf,ddf3db31f9fa21cd43ff19dde393aba8
ddf3db31f9fa21cd43ff19dde393aba8,ddf3db31f9fa21cd43ff19dde393aba8
7aecb34616245eb6b2906358151be55b,dd21d1ea2146861a4219b1cbdaefe59b
fcdaa67e33357f64bc4ce7b57491fc53,dd21d1ea2146861a4219b1cbdaefe59b
98409dbf432419024dbf028c004344c1,bd8b082b7711bc980252f988bb0ca936
bd8b082b7711bc980252f988bb0ca936,bd8b082b7711bc980252f988bb0ca936
e1b6940985a23e5639450f8391820655,bd8b082b7711bc980252f988bb0ca936
01e0dc079d4e33d8edd050c4900818da,db2580f5675f04716481b24bb7af468e
1ce4605e771a04e375e0d1083f183e8e,e54ce5f0112c9fdfe86db17e85a5e2c5
1ce4605e771a04e375e0d1083f183e8e,e83f60fb0e0396ea309faf0aed64e53f
1f2eb7b090018d975e6d9b40868c94ca,ec8aa67b05407c01094184c33d2b5a44
476fea8761a03bef16e322996c2f6666,e689b1fb0610b752f42adafc403fa49f
7b42b35832855ab4ff37ae9b8fa9e571,ec8c89aa5e521572c74e2dd02a4daf78
0b680e7bd5c0501d5dd73164122a7faf,eef80511aa490b2168ed4c9fa5eafef0
37eee514b04167f8e17e2caa3bfd3049,eef80511aa490b2168ed4c9fa5eafef0
605c1dc91a5c85024160ce78dfac842d,eef80511aa490b2168ed4c9fa5eafef0
ef6c375e3e6930e2b50e1e97fe6fbcc9,ef6c375e3e6930e2b50e1e97fe6fbcc9
ec3a2197ca6b63ee1454d99a6ae145ab,ec3a2197ca6b63ee1454d99a6ae145ab
f1e5d9bf7705b4dc5be0b8a90b73a863,f1e5d9bf7705b4dc5be0b8a90b73a863
5e42780f52763c77d592044e535e4b01,f4ed3b7a8a58453052db4b5be3707342
1f2eb7b090018d975e6d9b40868c94ca,f6655e39465c2ff5b016980d918ea028
7b42b35832855ab4ff37ae9b8fa9e571,f627990bbe2ec5c48c180f724490c332
e476e4a24f8b4ff4c8a0b260aa35fc9f,e476e4a24f8b4ff4c8a0b260aa35fc9f
f802b6e448c054c9c16b97ff85646825,f802b6e448c054c9c16b97ff85646825
9e860622fee66074dfe81dcfcc40c4e2,f7c63592ffb87b81ce45c89d207e9403
f7c63592ffb87b81ce45c89d207e9403,f7c63592ffb87b81ce45c89d207e9403
0149b7bd7218aab4e257d28469fddb0d,f7f85d7f628ce62d1d8f7b39d8940472
2ba0d0083976a5c1e3315413cdcffcd2,f8437e44748d2c3fcf84019766f4e6dc
0c28ad34f90950bc784339ec9f50d288,f3611c5c793f521f7ff2a69c22d4174e
5e42780f52763c77d592044e535e4b01,fab6b0b33d59f393e142000f128a9652
0b680e7bd5c0501d5dd73164122a7faf,fb671e6de6e301c892d2fdaa58f9cd9a
605c1dc91a5c85024160ce78dfac842d,fb671e6de6e301c892d2fdaa58f9cd9a
47e7f92419eb4b98ff4124c3ca11b738,fe8ff84a23feb673a59d8571575fee0b
fe8ff84a23feb673a59d8571575fee0b,fe8ff84a23feb673a59d8571575fee0b
98409dbf432419024dbf028c004344c1,e1b6940985a23e5639450f8391820655
bd8b082b7711bc980252f988bb0ca936,e1b6940985a23e5639450f8391820655
e1b6940985a23e5639450f8391820655,e1b6940985a23e5639450f8391820655
1328eaceb140a3863951d18661b097af,fc1937c1aa536b3744ebdfb1716fd54d
fc1937c1aa536b3744ebdfb1716fd54d,fc1937c1aa536b3744ebdfb1716fd54d
98409dbf432419024dbf028c004344c1,db05df0498b59b42a8e493cf3c10c578
bd8b082b7711bc980252f988bb0ca936,db05df0498b59b42a8e493cf3c10c578
e1b6940985a23e5639450f8391820655,db05df0498b59b42a8e493cf3c10c578
7aecb34616245eb6b2906358151be55b,fcdaa67e33357f64bc4ce7b57491fc53
fcdaa67e33357f64bc4ce7b57491fc53,fcdaa67e33357f64bc4ce7b57491fc53
4c6bddcca2695d6202df38708e14fc7e,ef8e0fb20e7228c7492ccdc59d87c690
ef8e0fb20e7228c7492ccdc59d87c690,ef8e0fb20e7228c7492ccdc59d87c690
ea1b44094ae4d8e2b63a1771a3e61fd5,ea1b44094ae4d8e2b63a1771a3e61fd5
